{"files":{"application-364b08ac6ef02ef12847690e12cd0a8e.js":{"logical_path":"application.js","mtime":"2014-05-29T22:00:30+08:00","size":317989,"digest":"364b08ac6ef02ef12847690e12cd0a8e"},"application-eafec6585cbffd518d28b50a42e53dd9.css":{"logical_path":"application.css","mtime":"2014-05-29T22:00:30+08:00","size":650,"digest":"eafec6585cbffd518d28b50a42e53dd9"}},"assets":{"application.js":"application-364b08ac6ef02ef12847690e12cd0a8e.js","application.css":"application-eafec6585cbffd518d28b50a42e53dd9.css"}}